Feature,Importance
Coarseness,0.0
Contrast,0.004703817866170203
Correlation,0.004852400442985405
Variance,0.007336423684134557
Mean,0.00882788994397751
Standard Deviation,0.012356439319319566
Kurtosis,0.02587557502337549
Skewness,0.027848219861857915
Dissimilarity,0.031369556011745174
hierarchical_cluster,0.07136294795668849
cluster_label,0.07580882551165506
Homogeneity,0.13034574703159593
Entropy,0.15080003216669333
Energy,0.20317308885269358
ASM,0.24533903632710788
